file,function,start_line,end_line
"build-4.ps1","Test-CommandExists",9,12
"build-4.ps1","Test-JavaHome",14,23
"build-4.ps1","Find-JavaHome",25,56
"build-4.ps1","Find-WebStormHome",58,87
"build-4.ps1","Sync-GradleVersion",89,107
"build-4.ps1","Get-GradleVersion",109,119
"build-4.ps1","Get-NextCalendarVersion",121,142
"build-4.ps1","Update-BuildVersion",144,149
"build-4.ps1","Get-LatestDistributionZip",151,167
"build-4.ps1","Copy-LatestDistribution",169,182
"build-4.ps1","Get-PluginFolderName",184,195
"build-4.ps1","Get-DefaultPluginsDirs",197,220
"build-4.ps1","Assert-ValidPluginsDir",222,247
"build-4.ps1","Install-PluginZipToDir",249,286
"build-4.ps1","Install-PluginZip",288,340
"build-4.ps1","Build-Project",342,401
"extension-4.js","activate",81,102
"extension-4.js","compareFile",104,166
"extension-4.js","compareReadOnlyFile",168,197
"extension-4.js","runRcloneMany",199,303
"extension-4.js","runReadOnlyDownload",305,354
"extension-4.js","getSelectedFileUris",356,372
"extension-4.js","resolveTransferRoot",374,399
"extension-4.js","resolveReadOnlySource",401,459
"extension-4.js","findRcloneRoot",461,484
"extension-4.js","makeRclonePasswd",486,533
"extension-4.js","getConfigSections",535,551
"extension-4.js","findLineIndex",553,561
"extension-4.js","obscureRclonePassword",563,570
"extension-4.js","runTransfer",572,572
"extension-4.js","buildUploadArgs",588,603
"extension-4.js","buildDownloadArgs",605,620
"extension-4.js","getRemoteDir",622,626
"extension-4.js","getLocalDir",628,632
"extension-4.js","toRemotePath",634,636
"extension-4.js","getRemoteRoot",638,640
"extension-4.js","joinRemotePath",642,650
"extension-4.js","getDefaultRcloneArgs",652,675
"extension-4.js","isWebdavProjectRemote",677,682
"extension-4.js","parseRcloneConfig",684,715
"extension-4.js","resolveRcloneRemoteType",717,739
"extension-4.js","getRcloneRemoteName",741,743
"extension-4.js","runRcloneCommand",745,745
"extension-4.js","reportProgressText",759,776
"extension-4.js","reportLine",778,792
"extension-4.js","consumeChunk",794,836
"extension-4.js","ensureLatestRclone",871,879
"extension-4.js","ensureLatestRcloneInternal",881,927
"extension-4.js","getSupportedPlatform",929,943
"extension-4.js","normalizeNodePlatform",945,961
"extension-4.js","normalizeNodeArchitecture",963,998
"extension-4.js","getRcloneStorageDir",1000,1003
"extension-4.js","extractRcloneBinary",1005,1021
"extension-4.js","downloadText",1023,1026
"extension-4.js","downloadFile",1028,1080
"extension-4.js","request",1082,1124
"extension-4.js","requestReadOnlyFile",1126,1189
"extension-4.js","readTextIfExists",1191,1201
"extension-4.js","fileExists",1203,1214
"extension-4.js","delay",1216,1218
"extension-4.js","shouldCheckForRcloneUpdates",1220,1228
"extension-4.js","writeUpdateCheckTime",1230,1232
"extension-4.js","getLastMeaningfulLine",1234,1240
"extension-4.js","cleanProgressText",1242,1249
"extension-4.js","keepLatestEta",1251,1259
"extension-4.js","isRcloneProgressText",1261,1263
"extension-4.js","formatBytes",1265,1280
"extension-4.js","setStatusBar",1282,1285
"extension-4.js","clearStatusBar",1287,1289
"extension-4.js","deactivate",1291,1291
"src/main/java/com/deploymenthost/jetbrains/CompareFileAction.java","update",40,48
"src/main/java/com/deploymenthost/jetbrains/CompareFileAction.java","actionPerformed",56,147
"src/main/java/com/deploymenthost/jetbrains/CompareFileAction.java","run",114,145
"src/main/java/com/deploymenthost/jetbrains/CompareFileAction.java","run",170,198
"src/main/java/com/deploymenthost/jetbrains/CompareFileAction.java","activeFile",202,205
"src/main/java/com/deploymenthost/jetbrains/CompareFileAction.java","selectedFile",207,210
"src/main/java/com/deploymenthost/jetbrains/CompareFileAction.java","openDiff",212,234
"src/main/java/com/deploymenthost/jetbrains/CompareFileAction.java","reportProgress",236,241
"src/main/java/com/deploymenthost/jetbrains/CompareFileAction.java","showNotification",255,260
"src/main/java/com/deploymenthost/jetbrains/CompareFileAction.java","errorMessage",262,266
"src/main/java/com/deploymenthost/jetbrains/DownloadFileAction.java","DownloadFileAction",4,6
"src/main/java/com/deploymenthost/jetbrains/DownloadFolderAction.java","DownloadFolderAction",4,6
"src/main/java/com/deploymenthost/jetbrains/PushPullConfigurable.java","PushPullConfigurable",23,25
"src/main/java/com/deploymenthost/jetbrains/PushPullConfigurable.java","isModified",70,72
"src/main/java/com/deploymenthost/jetbrains/PushPullConfigurable.java","apply",75,78
"src/main/java/com/deploymenthost/jetbrains/PushPullConfigurable.java","reset",81,84
"src/main/java/com/deploymenthost/jetbrains/PushPullConfigurable.java","disposeUIResources",87,91
"src/main/java/com/deploymenthost/jetbrains/PushPullConfigurable.java","transfersValue",93,95
"src/main/java/com/deploymenthost/jetbrains/PushPullConfigurable.java","checkersValue",97,99
"src/main/java/com/deploymenthost/jetbrains/PushPullSettings.java","getInstance",15,17
"src/main/java/com/deploymenthost/jetbrains/PushPullSettings.java","transfers",19,21
"src/main/java/com/deploymenthost/jetbrains/PushPullSettings.java","checkers",23,25
"src/main/java/com/deploymenthost/jetbrains/PushPullSettings.java","setTransfers",27,29
"src/main/java/com/deploymenthost/jetbrains/PushPullSettings.java","setCheckers",31,33
"src/main/java/com/deploymenthost/jetbrains/PushPullSettings.java","loadState",41,43
"src/main/java/com/deploymenthost/jetbrains/RcloneBinaryManager.java","supportedPlatform",178,193
"src/main/java/com/deploymenthost/jetbrains/RcloneBinaryManager.java","normalizePlatform",195,221
"src/main/java/com/deploymenthost/jetbrains/RcloneBinaryManager.java","normalizeArchitecture",223,242
"src/main/java/com/deploymenthost/jetbrains/RcloneBinaryManager.java","platformLabel",244,257
"src/main/java/com/deploymenthost/jetbrains/RcloneBinaryManager.java","formatBytes",379,392
"src/main/java/com/deploymenthost/jetbrains/RcloneBinaryManager.java","RclonePlatform",394,395
"src/main/java/com/deploymenthost/jetbrains/RcloneTransferService.java","resolveTransferItem",37,60
"src/main/java/com/deploymenthost/jetbrains/RcloneTransferService.java","uploadArguments",108,123
"src/main/java/com/deploymenthost/jetbrains/RcloneTransferService.java","downloadArguments",125,140
"src/main/java/com/deploymenthost/jetbrains/RcloneTransferService.java","obscureRclonePassword",215,233
"src/main/java/com/deploymenthost/jetbrains/RcloneTransferService.java","parseRcloneConfig",242,269
"src/main/java/com/deploymenthost/jetbrains/RcloneTransferService.java","resolveRcloneRemoteType",271,291
"src/main/java/com/deploymenthost/jetbrains/RcloneTransferService.java","cleanProgressText",431,437
"src/main/java/com/deploymenthost/jetbrains/RcloneTransferService.java","keepLatestEta",439,446
"src/main/java/com/deploymenthost/jetbrains/RcloneTransferService.java","isRcloneProgressText",448,450
"src/main/java/com/deploymenthost/jetbrains/RcloneTransferService.java","compactLine",452,455
"src/main/java/com/deploymenthost/jetbrains/RcloneTransferService.java","lastMeaningfulLine",457,466
"src/main/java/com/deploymenthost/jetbrains/RcloneTransferService.java","remoteParent",468,472
"src/main/java/com/deploymenthost/jetbrains/RcloneTransferService.java","joinRemotePath",474,477
"src/main/java/com/deploymenthost/jetbrains/RcloneTransferService.java","rcloneRemoteName",479,481
"src/main/java/com/deploymenthost/jetbrains/RcloneTransferService.java","configSections",483,502
"src/main/java/com/deploymenthost/jetbrains/RcloneTransferService.java","findLineIndex",504,511
"src/main/java/com/deploymenthost/jetbrains/RcloneTransferService.java","leadingWhitespace",513,519
"src/main/java/com/deploymenthost/jetbrains/RcloneTransferService.java","TransferItem",521,522
"src/main/java/com/deploymenthost/jetbrains/RcloneTransferService.java","Section",524,525
"src/main/java/com/deploymenthost/jetbrains/ReadOnlyTransferService.java","download",85,88
"src/main/java/com/deploymenthost/jetbrains/ReadOnlyTransferService.java","statusMessage",165,186
"src/main/java/com/deploymenthost/jetbrains/ReadOnlyTransferService.java","formatBytes",188,205
"src/main/java/com/deploymenthost/jetbrains/ReadOnlyTransferService.java","ReadOnlySource",207,208
"src/main/java/com/deploymenthost/jetbrains/TransferAction.java","update",53,60
"src/main/java/com/deploymenthost/jetbrains/TransferAction.java","actionPerformed",68,202
"src/main/java/com/deploymenthost/jetbrains/TransferAction.java","run",126,200
"src/main/java/com/deploymenthost/jetbrains/TransferAction.java","runReadOnlyDownload",204,288
"src/main/java/com/deploymenthost/jetbrains/TransferAction.java","run",246,284
"src/main/java/com/deploymenthost/jetbrains/TransferAction.java","selectedFiles",290,298
"src/main/java/com/deploymenthost/jetbrains/TransferAction.java","isExpectedTarget",300,302
"src/main/java/com/deploymenthost/jetbrains/TransferAction.java","reportProgress",304,317
"src/main/java/com/deploymenthost/jetbrains/TransferAction.java","showNotification",331,336
"src/main/java/com/deploymenthost/jetbrains/TransferAction.java","messageOf",338,342
"src/main/java/com/deploymenthost/jetbrains/UploadFileAction.java","UploadFileAction",4,6
"src/main/java/com/deploymenthost/jetbrains/UploadFolderAction.java","UploadFolderAction",4,6